{
  "main": {
    "id": "78d60b2b5e5dded1",
    "type": "split",
    "children": [
      {
        "id": "96d6041d48093f92",
        "type": "tabs",
        "children": [
          {
            "id": "e56eca51300f6c0b",
            "type": "leaf",
            "state": {
              "type": "markdown",
              "state": {
                "file": "Plan.md",
                "mode": "preview",
                "source": false
              }
            }
          }
        ]
      }
    ],
    "direction": "vertical"
  },
  "left": {
    "id": "b7b89cecadc03fe2",
    "type": "split",
    "children": [
      {
        "id": "09d9daf30d7dcea5",
        "type": "tabs",
        "children": [
          {
            "id": "7c7a6722c123f8a0",
            "type": "leaf",
            "state": {
              "type": "file-explorer",
              "state": {
                "sortOrder": "alphabetical"
              }
            }
          },
          {
            "id": "7a838e114fec4948",
            "type": "leaf",
            "state": {
              "type": "search",
              "state": {
                "query": "",
                "matchingCase": false,
                "explainSearch": false,
                "collapseAll": false,
                "extraContext": false,
                "sortOrder": "alphabetical"
              }
            }
          },
          {
            "id": "dd5f4026bd033c89",
            "type": "leaf",
            "state": {
              "type": "bookmarks",
              "state": {}
            }
          }
        ]
      }
    ],
    "direction": "horizontal",
    "width": 300
  },
  "right": {
    "id": "9a0e123253cb0e02",
    "type": "split",
    "children": [
      {
        "id": "d4d25ee6f3e1da83",
        "type": "tabs",
        "children": [
          {
            "id": "6a06b5664e6bf53a",
            "type": "leaf",
            "state": {
              "type": "backlink",
              "state": {
                "file": "Plan.md",
                "collapseAll": false,
                "extraContext": false,
                "sortOrder": "alphabetical",
                "showSearch": false,
                "searchQuery": "",
                "backlinkCollapsed": false,
                "unlinkedCollapsed": true
              }
            }
          },
          {
            "id": "c3b89c049ecc8b3e",
            "type": "leaf",
            "state": {
              "type": "outgoing-link",
              "state": {
                "file": "Plan.md",
                "linksCollapsed": false,
                "unlinkedCollapsed": true
              }
            }
          },
          {
            "id": "051702971a6be7e2",
            "type": "leaf",
            "state": {
              "type": "tag",
              "state": {
                "sortOrder": "frequency",
                "useHierarchy": true
              }
            }
          },
          {
            "id": "e167a8660ebe9d67",
            "type": "leaf",
            "state": {
              "type": "outline",
              "state": {
                "file": "Plan.md"
              }
            }
          }
        ]
      }
    ],
    "direction": "horizontal",
    "width": 300,
    "collapsed": true
  },
  "left-ribbon": {
    "hiddenItems": {
      "switcher:Open quick switcher": false,
      "graph:Open graph view": false,
      "canvas:Create new canvas": false,
      "daily-notes:Open today's daily note": false,
      "templates:Insert template": false,
      "command-palette:Open command palette": false
    }
  },
  "active": "e56eca51300f6c0b",
  "lastOpenFiles": [
    "Range Info.md",
    "Range Changes.md",
    "Plan.md",
    "Future Improvements.md",
    "Vulnerability and Range Setup.md"
  ]
}