{
  "main": {
    "id": "750937a1448fa61a",
    "type": "split",
    "children": [
      {
        "id": "dbeafe923a8b43f8",
        "type": "tabs",
        "children": [
          {
            "id": "4dcdebe6e1ee0b62",
            "type": "leaf",
            "state": {
              "type": "markdown",
              "state": {
                "file": "Sliver Scenario Plan (V3).md",
                "mode": "source",
                "source": false
              }
            }
          },
          {
            "id": "894c9e4d7a4b59b3",
            "type": "leaf",
            "state": {
              "type": "markdown",
              "state": {
                "file": "Sliver Scenario Plan (V3).md",
                "mode": "source",
                "source": false
              }
            }
          }
        ]
      }
    ],
    "direction": "vertical"
  },
  "left": {
    "id": "c7ab4d95a7c696c3",
    "type": "split",
    "children": [
      {
        "id": "f7aadfb44316d454",
        "type": "tabs",
        "children": [
          {
            "id": "bc9ca266c37d6123",
            "type": "leaf",
            "state": {
              "type": "file-explorer",
              "state": {
                "sortOrder": "alphabetical"
              }
            }
          },
          {
            "id": "b2d789ec0a736f26",
            "type": "leaf",
            "state": {
              "type": "search",
              "state": {
                "query": "",
                "matchingCase": false,
                "explainSearch": false,
                "collapseAll": false,
                "extraContext": false,
                "sortOrder": "alphabetical"
              }
            }
          },
          {
            "id": "79fa36eab8bcaf82",
            "type": "leaf",
            "state": {
              "type": "bookmarks",
              "state": {}
            }
          }
        ]
      }
    ],
    "direction": "horizontal",
    "width": 300
  },
  "right": {
    "id": "229ba640ec5a9261",
    "type": "split",
    "children": [
      {
        "id": "88774bcddc3dfd12",
        "type": "tabs",
        "children": [
          {
            "id": "4e749d878e1f7a37",
            "type": "leaf",
            "state": {
              "type": "backlink",
              "state": {
                "file": "Sliver Scenario Plan (V3).md",
                "collapseAll": false,
                "extraContext": false,
                "sortOrder": "alphabetical",
                "showSearch": false,
                "searchQuery": "",
                "backlinkCollapsed": false,
                "unlinkedCollapsed": true
              }
            }
          },
          {
            "id": "faa1b436333fb69c",
            "type": "leaf",
            "state": {
              "type": "outgoing-link",
              "state": {
                "file": "Sliver Scenario Plan (V3).md",
                "linksCollapsed": false,
                "unlinkedCollapsed": true
              }
            }
          },
          {
            "id": "53123f84d377fd40",
            "type": "leaf",
            "state": {
              "type": "tag",
              "state": {
                "sortOrder": "frequency",
                "useHierarchy": true
              }
            }
          },
          {
            "id": "1b51f47ee1d76ba5",
            "type": "leaf",
            "state": {
              "type": "outline",
              "state": {
                "file": "Sliver Scenario Plan (V3).md"
              }
            }
          }
        ]
      }
    ],
    "direction": "horizontal",
    "width": 300,
    "collapsed": true
  },
  "left-ribbon": {
    "hiddenItems": {
      "switcher:Open quick switcher": false,
      "graph:Open graph view": false,
      "canvas:Create new canvas": false,
      "daily-notes:Open today's daily note": false,
      "templates:Insert template": false,
      "command-palette:Open command palette": false
    }
  },
  "active": "4dcdebe6e1ee0b62",
  "lastOpenFiles": [
    "Scenario DOCTEMP.pdf",
    "README.md",
    "Sliver Scenario Plan (V3).md",
    "Range Info.md",
    "Supporting Documents/ScenarioTools.zip",
    "Supporting Documents/Scenario3Tools.zip",
    "Supporting Documents/Sliver Scenario DOCTEMP.pptx",
    "Supporting Documents/GT 7_8 - Sliver DOCTEMP.pptx",
    "GT 7_8 - Sliver DOCTEMP.pdf",
    "Supporting Documents",
    "New folder",
    "Infrastructure - DNS round robin redirectors.md"
  ]
}